email,label
offer prize prize win claim claim!,1
limited time exclusive congratulations congratulations urgent win!,1
offer congratulations claim offer congratulations offer claim limited time!,1
limited time claim prize exclusive congratulations!,1
offer congratulations claim win exclusive free free!,1
win win win free offer urgent free limited time!,1
claim offer exclusive congratulations urgent!,1
exclusive congratulations congratulations limited time urgent claim!,1
free exclusive gift card claim free offer prize win offer urgent!,1
congratulations win offer urgent exclusive exclusive win!,1
urgent exclusive limited time urgent prize prize claim win urgent!,1
urgent offer exclusive win gift card!,1
offer congratulations win prize win claim!,1
congratulations gift card free exclusive prize congratulations prize gift card claim claim!,1
prize congratulations claim prize exclusive prize congratulations urgent win!,1
gift card limited time congratulations free exclusive win claim!,1
exclusive offer gift card congratulations gift card offer offer!,1
offer offer free urgent free!,1
free offer exclusive free exclusive limited time free gift card congratulations prize!,1
gift card urgent gift card gift card urgent urgent!,1
win exclusive win urgent urgent congratulations free urgent offer!,1
exclusive urgent urgent free offer congratulations offer claim!,1
urgent claim urgent free free urgent congratulations exclusive offer!,1
prize exclusive free prize limited time prize prize exclusive gift card exclusive!,1
congratulations offer offer claim claim limited time exclusive free win congratulations!,1
win prize free claim claim claim!,1
limited time claim limited time exclusive offer prize exclusive urgent limited time!,1
gift card win prize offer urgent congratulations!,1
offer exclusive congratulations gift card offer gift card win congratulations!,1
congratulations urgent congratulations claim win congratulations claim offer free exclusive!,1
gift card offer offer prize win!,1
prize offer claim offer gift card urgent gift card offer!,1
limited time congratulations congratulations offer urgent claim!,1
gift card win free urgent congratulations offer offer congratulations gift card!,1
limited time exclusive exclusive claim prize congratulations gift card prize!,1
free win offer free offer urgent exclusive congratulations urgent!,1
gift card offer claim limited time limited time!,1
prize win congratulations limited time free!,1
prize prize limited time free prize!,1
prize free urgent claim offer!,1
claim exclusive exclusive free limited time urgent urgent!,1
prize gift card limited time exclusive exclusive exclusive!,1
exclusive prize exclusive claim prize free gift card!,1
claim win prize free gift card!,1
win free free congratulations free!,1
gift card limited time prize offer exclusive prize gift card urgent!,1
prize claim claim exclusive prize!,1
limited time limited time claim congratulations claim gift card claim!,1
offer offer claim offer claim congratulations free offer gift card!,1
prize offer congratulations prize offer offer win urgent!,1
limited time free free gift card urgent win!,1
win congratulations claim offer limited time!,1
limited time offer prize offer urgent!,1
limited time offer gift card exclusive gift card limited time!,1
urgent prize free exclusive prize urgent urgent gift card!,1
urgent congratulations free gift card limited time free free!,1
prize win free congratulations claim congratulations congratulations offer claim urgent!,1
urgent offer congratulations gift card win congratulations!,1
win limited time offer urgent prize gift card offer!,1
urgent claim gift card gift card offer!,1
win exclusive congratulations congratulations free exclusive congratulations gift card!,1
limited time urgent gift card win gift card congratulations exclusive claim!,1
exclusive prize prize congratulations gift card congratulations win!,1
urgent win gift card exclusive win win offer offer!,1
congratulations free urgent win exclusive urgent gift card congratulations!,1
prize prize gift card congratulations prize urgent congratulations!,1
free offer exclusive urgent win win limited time urgent free!,1
claim claim urgent win congratulations congratulations!,1
win urgent claim exclusive offer win prize!,1
gift card claim prize win free prize exclusive!,1
urgent prize free free exclusive claim!,1
free win limited time limited time prize prize congratulations urgent!,1
claim exclusive exclusive congratulations congratulations prize gift card!,1
free claim exclusive exclusive gift card offer free offer claim urgent!,1
claim urgent congratulations claim congratulations offer win exclusive prize!,1
exclusive offer free free claim win!,1
prize claim claim congratulations exclusive congratulations win!,1
win prize exclusive win urgent exclusive gift card exclusive limited time!,1
urgent prize urgent offer prize!,1
exclusive exclusive prize congratulations exclusive free exclusive limited time win!,1
prize limited time exclusive prize win prize exclusive!,1
offer free gift card congratulations win win exclusive claim!,1
win prize offer gift card congratulations prize congratulations urgent win win!,1
urgent prize exclusive prize gift card free exclusive claim!,1
urgent claim gift card limited time limited time free free offer!,1
claim win win limited time prize prize!,1
urgent offer claim limited time offer gift card win!,1
congratulations free congratulations urgent exclusive prize!,1
free prize congratulations urgent gift card limited time congratulations congratulations exclusive free!,1
free claim limited time claim exclusive exclusive win offer offer claim!,1
urgent exclusive prize urgent exclusive limited time gift card gift card limited time gift card!,1
prize win limited time offer offer win congratulations offer urgent!,1
urgent congratulations urgent congratulations gift card offer congratulations!,1
prize exclusive claim gift card win urgent exclusive!,1
claim congratulations gift card congratulations win!,1
limited time claim win gift card urgent!,1
claim free free prize limited time!,1
prize win exclusive free limited time free prize prize!,1
gift card exclusive claim win offer limited time!,1
congratulations gift card congratulations urgent congratulations congratulations!,1
congratulations limited time gift card congratulations win!,1
free limited time urgent limited time gift card offer prize win!,1
claim free free gift card offer win prize congratulations offer limited time!,1
congratulations win gift card gift card offer free gift card!,1
prize congratulations limited time offer congratulations win win free prize!,1
prize claim urgent prize win win!,1
prize claim free limited time limited time exclusive exclusive congratulations!,1
prize free exclusive claim gift card win exclusive claim win win!,1
limited time urgent win win congratulations limited time win offer!,1
gift card offer claim limited time win free win!,1
win win prize claim exclusive gift card offer congratulations!,1
limited time gift card exclusive gift card prize gift card exclusive!,1
congratulations congratulations exclusive prize urgent limited time offer win!,1
gift card claim urgent urgent congratulations offer claim limited time offer!,1
exclusive limited time limited time offer win offer urgent exclusive free urgent!,1
prize offer claim free limited time exclusive gift card win!,1
free offer free urgent limited time!,1
congratulations urgent claim free gift card prize win!,1
exclusive congratulations claim prize gift card gift card win limited time offer!,1
free limited time exclusive congratulations free limited time urgent!,1
exclusive free exclusive limited time urgent!,1
free free free free prize congratulations gift card!,1
offer gift card prize offer free urgent win congratulations win prize!,1
free urgent congratulations limited time claim offer urgent!,1
prize exclusive urgent claim win limited time prize congratulations gift card limited time!,1
exclusive urgent free gift card gift card win prize limited time urgent!,1
congratulations claim exclusive win urgent!,1
limited time gift card prize claim claim offer free exclusive win!,1
limited time prize urgent exclusive congratulations exclusive win!,1
offer free congratulations urgent free prize urgent win!,1
gift card exclusive win congratulations urgent claim offer gift card!,1
prize exclusive gift card free offer exclusive exclusive win limited time!,1
claim win free urgent urgent win win win!,1
claim gift card claim congratulations claim!,1
win gift card exclusive prize gift card win free exclusive!,1
free limited time free gift card offer exclusive limited time gift card!,1
exclusive urgent claim prize win!,1
gift card offer gift card congratulations congratulations!,1
prize urgent exclusive exclusive gift card prize gift card urgent urgent free!,1
claim prize offer free free urgent urgent free offer!,1
urgent urgent limited time congratulations prize win win free win!,1
gift card offer win urgent urgent exclusive!,1
limited time congratulations prize gift card free free!,1
offer limited time claim congratulations free exclusive limited time claim limited time!,1
limited time gift card gift card offer free free gift card limited time congratulations!,1
limited time prize claim gift card claim prize prize offer urgent gift card!,1
free win offer win congratulations!,1
claim win limited time free urgent limited time offer exclusive free prize!,1
congratulations exclusive offer urgent prize gift card gift card!,1
exclusive win gift card gift card claim free!,1
prize gift card prize claim offer limited time!,1
gift card exclusive offer win prize limited time exclusive!,1
claim gift card prize offer congratulations gift card limited time free!,1
claim congratulations gift card win urgent exclusive win free offer!,1
claim limited time prize congratulations urgent urgent!,1
win prize urgent exclusive urgent exclusive claim offer urgent!,1
gift card gift card gift card prize exclusive prize!,1
free gift card limited time free prize win gift card!,1
prize gift card free congratulations free!,1
exclusive limited time gift card gift card free exclusive!,1
exclusive congratulations urgent free free congratulations free free win!,1
congratulations limited time win limited time gift card prize!,1
urgent claim gift card win exclusive free congratulations urgent prize!,1
prize free win offer exclusive free win gift card free!,1
win congratulations free exclusive exclusive free!,1
urgent prize win claim urgent free urgent congratulations offer win!,1
prize limited time congratulations free offer!,1
congratulations urgent prize exclusive limited time claim free offer gift card congratulations!,1
urgent claim exclusive gift card limited time gift card free win!,1
offer gift card prize claim offer prize gift card win urgent free!,1
free prize limited time free exclusive win gift card congratulations gift card!,1
gift card limited time win urgent limited time congratulations!,1
congratulations exclusive claim congratulations exclusive limited time!,1
gift card exclusive offer offer prize urgent!,1
prize urgent gift card exclusive win urgent gift card limited time offer congratulations!,1
congratulations exclusive congratulations exclusive exclusive limited time urgent claim!,1
urgent congratulations prize offer urgent gift card limited time prize offer exclusive!,1
claim claim congratulations offer free free!,1
congratulations claim urgent exclusive exclusive prize!,1
gift card claim exclusive congratulations claim exclusive claim claim win!,1
prize congratulations prize prize gift card limited time gift card offer!,1
urgent offer win claim exclusive urgent!,1
urgent exclusive urgent win offer free free urgent exclusive urgent!,1
urgent claim limited time urgent congratulations exclusive!,1
offer urgent congratulations free offer gift card prize gift card free!,1
win exclusive free offer claim limited time limited time free!,1
claim exclusive claim prize congratulations prize gift card congratulations congratulations win!,1
exclusive exclusive prize claim win prize!,1
congratulations claim offer claim urgent gift card prize free!,1
exclusive urgent urgent free offer gift card claim!,1
win gift card claim exclusive exclusive win win limited time free!,1
win free exclusive prize urgent offer claim free exclusive!,1
free congratulations exclusive win urgent claim urgent!,1
offer urgent prize claim limited time offer offer!,1
free free prize win offer!,1
gift card prize free limited time offer limited time limited time!,1
win win limited time prize claim prize urgent gift card offer gift card!,1
win urgent exclusive win gift card congratulations prize free limited time!,1
limited time limited time congratulations win claim claim congratulations offer free prize!,1
win exclusive limited time claim limited time urgent congratulations gift card gift card!,1
limited time congratulations urgent congratulations congratulations offer!,1
offer urgent exclusive claim prize congratulations exclusive offer claim!,1
prize congratulations offer gift card congratulations limited time prize prize!,1
gift card free urgent offer win win win win congratulations limited time!,1
prize urgent prize limited time congratulations congratulations offer!,1
claim win urgent claim exclusive exclusive offer congratulations!,1
gift card win claim prize win claim offer exclusive!,1
offer gift card limited time urgent free gift card!,1
gift card claim limited time claim limited time!,1
win urgent urgent urgent exclusive limited time limited time congratulations gift card offer!,1
win free limited time gift card prize free exclusive offer limited time!,1
prize exclusive congratulations prize free free limited time prize!,1
win limited time exclusive win gift card win claim congratulations urgent!,1
claim congratulations exclusive win prize gift card gift card!,1
win congratulations win win prize!,1
win urgent congratulations congratulations urgent!,1
congratulations free limited time urgent offer prize claim claim win limited time!,1
offer claim congratulations claim win free gift card win congratulations win!,1
free prize prize claim limited time free congratulations claim prize!,1
win claim gift card exclusive free gift card free free!,1
exclusive gift card limited time free prize limited time limited time prize win congratulations!,1
urgent urgent claim gift card offer congratulations offer urgent free!,1
offer prize urgent gift card urgent congratulations urgent win win!,1
claim claim congratulations limited time offer exclusive urgent congratulations exclusive!,1
win exclusive limited time gift card prize claim free claim offer!,1
gift card gift card exclusive free gift card!,1
gift card offer free offer urgent exclusive gift card prize congratulations urgent!,1
offer limited time congratulations gift card congratulations gift card offer offer!,1
urgent prize gift card congratulations offer!,1
limited time prize exclusive free exclusive prize!,1
congratulations claim limited time offer win win offer claim!,1
win urgent offer exclusive gift card congratulations!,1
prize claim offer win exclusive offer free!,1
gift card offer prize limited time claim limited time free!,1
exclusive offer gift card congratulations gift card offer congratulations exclusive congratulations!,1
gift card gift card congratulations win claim limited time urgent congratulations!,1
gift card win exclusive limited time gift card prize free urgent prize!,1
congratulations gift card offer prize offer gift card claim win free free!,1
limited time prize congratulations win win win limited time gift card prize!,1
gift card offer prize prize prize limited time gift card gift card exclusive!,1
offer claim gift card exclusive win gift card exclusive free congratulations!,1
free prize congratulations free limited time!,1
prize offer urgent exclusive gift card urgent urgent gift card!,1
gift card limited time congratulations exclusive prize congratulations!,1
limited time offer prize gift card offer limited time claim!,1
gift card gift card claim exclusive win!,1
free prize congratulations prize congratulations offer urgent!,1
congratulations congratulations claim urgent exclusive offer urgent limited time exclusive limited time!,1
gift card win gift card limited time urgent prize!,1
win offer gift card prize offer free!,1
exclusive gift card prize free prize offer win!,1
exclusive win congratulations gift card offer!,1
congratulations exclusive urgent urgent claim offer limited time congratulations!,1
free gift card offer offer prize prize urgent!,1
gift card claim limited time prize gift card limited time!,1
congratulations prize offer urgent gift card congratulations congratulations free urgent prize!,1
urgent prize claim prize offer limited time prize prize free!,1
urgent congratulations offer offer free gift card exclusive claim congratulations!,1
win offer prize urgent prize win!,1
claim win offer free free limited time!,1
exclusive win offer offer urgent exclusive claim limited time urgent claim!,1
limited time prize prize congratulations urgent prize!,1
congratulations gift card win win offer limited time free limited time limited time congratulations!,1
win win urgent gift card limited time prize win!,1
exclusive offer prize gift card prize gift card gift card prize!,1
gift card prize win limited time urgent offer limited time prize limited time!,1
limited time offer offer win congratulations win!,1
free gift card offer congratulations claim limited time claim!,1
congratulations exclusive gift card exclusive free!,1
limited time gift card win free claim limited time exclusive congratulations exclusive free!,1
gift card prize gift card claim prize exclusive!,1
claim gift card offer offer exclusive exclusive win!,1
limited time offer limited time gift card urgent!,1
win prize claim gift card gift card exclusive prize!,1
free win limited time gift card win offer win free prize claim!,1
win win limited time prize limited time prize gift card claim!,1
gift card limited time offer offer prize gift card win urgent prize claim!,1
offer prize free free limited time exclusive urgent win!,1
gift card offer offer exclusive prize win urgent!,1
win offer limited time gift card claim!,1
gift card offer limited time gift card offer gift card!,1
claim free win claim congratulations claim offer gift card offer prize!,1
exclusive offer offer limited time offer gift card win gift card win exclusive!,1
win limited time prize urgent urgent offer!,1
congratulations limited time win exclusive free!,1
congratulations gift card urgent claim exclusive limited time!,1
congratulations free urgent urgent limited time prize congratulations urgent claim limited time!,1
offer limited time offer free win claim congratulations congratulations!,1
win free exclusive limited time claim exclusive gift card offer limited time!,1
prize gift card free limited time free prize gift card prize!,1
limited time claim exclusive win limited time congratulations offer!,1
limited time claim limited time claim gift card limited time offer offer!,1
prize congratulations claim gift card exclusive claim win congratulations gift card congratulations!,1
claim win win prize gift card!,1
limited time gift card gift card prize win gift card exclusive free!,1
limited time gift card congratulations free claim exclusive win!,1
prize win gift card win win prize limited time congratulations offer!,1
offer gift card free congratulations limited time!,1
gift card win exclusive gift card free free gift card gift card claim!,1
win limited time gift card claim exclusive claim!,1
urgent exclusive claim free urgent!,1
limited time offer claim gift card offer exclusive urgent free!,1
claim win congratulations prize limited time congratulations offer claim!,1
gift card free win offer gift card offer!,1
limited time gift card prize claim win win win limited time!,1
gift card limited time urgent urgent congratulations win gift card win limited time offer!,1
gift card offer free gift card gift card limited time exclusive!,1
urgent exclusive win urgent claim claim free claim gift card!,1
free claim prize limited time exclusive offer limited time!,1
claim gift card win congratulations urgent claim win win!,1
offer gift card prize exclusive free prize!,1
urgent offer claim free claim limited time!,1
urgent free claim prize prize gift card!,1
offer win win prize urgent win congratulations free limited time!,1
offer exclusive free exclusive limited time!,1
prize win exclusive gift card urgent!,1
limited time congratulations free claim urgent!,1
prize urgent urgent win gift card claim prize gift card claim!,1
gift card win limited time congratulations free exclusive congratulations free urgent!,1
prize exclusive congratulations prize offer gift card!,1
congratulations offer claim congratulations gift card free congratulations!,1
win congratulations offer exclusive congratulations urgent exclusive congratulations claim!,1
congratulations urgent urgent congratulations offer urgent!,1
prize free exclusive exclusive exclusive urgent win prize free!,1
win claim limited time gift card free exclusive offer!,1
congratulations gift card claim win offer!,1
gift card gift card claim prize exclusive prize claim!,1
prize offer gift card urgent urgent claim!,1
urgent prize limited time exclusive congratulations!,1
limited time urgent free congratulations limited time exclusive win!,1
urgent free free exclusive urgent offer urgent!,1
gift card claim exclusive gift card claim congratulations prize congratulations!,1
claim limited time prize limited time congratulations congratulations free prize!,1
gift card exclusive gift card limited time exclusive offer!,1
urgent offer prize prize claim!,1
free limited time claim claim congratulations offer!,1
gift card gift card exclusive exclusive free free offer free!,1
gift card win claim free claim urgent claim win urgent!,1
limited time urgent exclusive gift card limited time claim limited time!,1
prize claim prize congratulations congratulations limited time congratulations urgent gift card win!,1
free claim exclusive gift card urgent offer claim free urgent!,1
claim urgent free win free claim!,1
win offer claim prize exclusive congratulations congratulations claim!,1
congratulations offer claim claim gift card limited time gift card prize urgent urgent!,1
exclusive win congratulations claim offer congratulations win!,1
limited time congratulations limited time exclusive win limited time claim limited time claim!,1
urgent claim gift card urgent free win offer!,1
prize free win free prize free win congratulations!,1
exclusive gift card offer claim claim gift card win limited time prize urgent!,1
offer urgent limited time exclusive limited time claim gift card!,1
claim free claim free exclusive limited time!,1
claim congratulations gift card prize exclusive free claim!,1
free limited time urgent claim gift card!,1
urgent exclusive exclusive claim urgent offer!,1
gift card exclusive win prize urgent claim claim exclusive gift card!,1
limited time urgent congratulations free congratulations free!,1
gift card congratulations prize congratulations urgent gift card exclusive offer offer urgent!,1
limited time offer win exclusive prize offer prize exclusive claim urgent!,1
exclusive urgent limited time gift card urgent exclusive urgent prize!,1
limited time claim congratulations offer gift card limited time urgent limited time!,1
prize gift card win win congratulations urgent exclusive gift card gift card exclusive!,1
free prize offer exclusive congratulations limited time claim win urgent!,1
claim exclusive claim gift card offer!,1
claim claim limited time gift card win!,1
offer congratulations prize claim offer claim claim prize win!,1
claim free exclusive prize exclusive prize!,1
exclusive free urgent limited time limited time limited time claim limited time!,1
win prize exclusive limited time urgent win congratulations!,1
claim claim limited time gift card limited time!,1
congratulations prize exclusive free urgent prize win congratulations claim!,1
claim win free offer gift card!,1
exclusive limited time prize gift card gift card prize claim congratulations!,1
prize win urgent free win!,1
limited time congratulations exclusive exclusive prize exclusive congratulations gift card gift card!,1
offer limited time limited time urgent congratulations claim free congratulations!,1
limited time offer offer gift card win!,1
offer exclusive win exclusive limited time claim prize win exclusive!,1
congratulations congratulations win free free limited time!,1
offer offer gift card claim urgent claim offer gift card free!,1
win congratulations claim offer prize congratulations congratulations free prize!,1
free urgent urgent free free congratulations prize congratulations gift card!,1
win offer gift card free offer congratulations urgent offer free offer!,1
limited time offer prize claim congratulations congratulations free!,1
limited time urgent win congratulations exclusive congratulations free offer urgent claim!,1
offer offer claim free free!,1
claim gift card claim exclusive free exclusive win urgent limited time!,1
free limited time limited time claim offer offer congratulations prize exclusive!,1
offer congratulations prize exclusive win free limited time!,1
limited time claim prize prize congratulations claim prize win gift card!,1
exclusive offer urgent win urgent!,1
congratulations urgent win gift card limited time exclusive!,1
win claim claim offer free congratulations limited time claim urgent!,1
claim claim urgent prize gift card gift card claim!,1
prize urgent win win gift card limited time free congratulations limited time!,1
offer free win win free free!,1
offer limited time claim offer exclusive free!,1
prize claim gift card claim exclusive exclusive!,1
offer win limited time win win!,1
limited time offer win win urgent limited time!,1
prize free congratulations exclusive offer offer urgent!,1
limited time claim win urgent claim claim prize prize!,1
prize exclusive free exclusive exclusive prize!,1
congratulations exclusive win congratulations claim win!,1
gift card prize limited time claim free gift card gift card free exclusive win!,1
limited time congratulations exclusive prize claim prize exclusive limited time prize!,1
urgent prize exclusive congratulations win free claim exclusive gift card win!,1
free gift card exclusive exclusive limited time win offer free!,1
gift card congratulations offer congratulations win free win!,1
limited time gift card gift card win exclusive free free!,1
win free urgent offer claim gift card gift card!,1
free congratulations claim congratulations limited time gift card urgent offer congratulations!,1
exclusive limited time offer offer exclusive offer!,1
free prize urgent offer congratulations limited time gift card offer!,1
offer offer exclusive prize prize!,1
limited time free claim prize exclusive urgent offer claim gift card!,1
exclusive limited time congratulations limited time limited time prize!,1
congratulations urgent claim congratulations prize!,1
gift card limited time urgent offer claim claim urgent offer win free!,1
limited time congratulations urgent gift card offer gift card exclusive!,1
win prize limited time win urgent free offer!,1
prize prize claim limited time claim claim prize urgent limited time free!,1
congratulations prize gift card win win gift card!,1
prize free offer congratulations prize!,1
claim free prize win win!,1
claim prize win gift card exclusive free gift card limited time offer!,1
win free free limited time free congratulations!,1
urgent free congratulations urgent claim!,1
congratulations gift card congratulations congratulations prize claim!,1
gift card limited time congratulations urgent free!,1
gift card win exclusive win claim claim offer offer prize exclusive!,1
offer claim offer claim congratulations win offer urgent gift card exclusive!,1
prize gift card urgent exclusive gift card congratulations offer!,1
congratulations claim free win congratulations claim gift card prize!,1
claim free exclusive gift card offer prize urgent!,1
gift card limited time win win claim!,1
prize offer prize prize win!,1
offer win win gift card gift card limited time urgent urgent limited time exclusive!,1
exclusive limited time offer prize gift card urgent win claim!,1
claim exclusive win prize win limited time claim!,1
free urgent claim congratulations claim prize offer limited time!,1
free win urgent limited time offer congratulations win claim!,1
gift card offer urgent win prize exclusive!,1
limited time congratulations congratulations claim prize offer claim congratulations win limited time!,1
offer exclusive free free urgent urgent limited time!,1
limited time win urgent congratulations urgent gift card!,1
gift card claim free urgent claim offer limited time!,1
urgent free gift card urgent gift card!,1
congratulations claim urgent gift card win gift card prize prize gift card limited time!,1
offer free prize claim exclusive!,1
offer limited time exclusive claim limited time exclusive exclusive limited time offer offer!,1
congratulations exclusive offer urgent congratulations!,1
exclusive free offer win win!,1
urgent limited time offer free congratulations congratulations free!,1
exclusive urgent urgent exclusive prize win limited time offer!,1
limited time offer limited time free limited time!,1
exclusive urgent urgent exclusive win exclusive claim prize free urgent!,1
exclusive exclusive free urgent win congratulations limited time gift card gift card!,1
free free limited time urgent claim claim win prize exclusive!,1
win free prize congratulations limited time claim offer limited time claim exclusive!,1
claim exclusive prize congratulations win exclusive gift card offer!,1
congratulations prize offer exclusive congratulations!,1
offer free congratulations free prize claim win!,1
exclusive gift card claim free congratulations claim exclusive congratulations limited time!,1
offer urgent win win limited time win free free!,1
claim free win win free win win!,1
urgent limited time free free exclusive claim exclusive claim limited time!,1
offer claim offer urgent limited time!,1
offer win gift card exclusive claim congratulations offer urgent congratulations gift card!,1
congratulations exclusive prize gift card win gift card exclusive claim congratulations!,1
exclusive offer prize congratulations offer urgent gift card urgent!,1
limited time claim exclusive prize win exclusive!,1
win urgent congratulations gift card congratulations free!,1
congratulations gift card prize win claim exclusive exclusive gift card exclusive win!,1
urgent congratulations gift card win prize free exclusive!,1
free claim gift card urgent prize offer free claim free!,1
win free gift card free offer win!,1
win congratulations gift card limited time free claim win!,1
congratulations offer free urgent free congratulations limited time!,1
congratulations prize claim claim urgent congratulations win prize exclusive exclusive!,1
prize offer offer prize offer free congratulations free congratulations urgent!,1
urgent congratulations claim limited time offer congratulations limited time!,1
prize exclusive win offer offer exclusive congratulations win free exclusive!,1
prize congratulations prize prize urgent urgent exclusive gift card!,1
claim urgent gift card limited time congratulations prize exclusive win claim!,1
gift card gift card urgent prize urgent limited time exclusive limited time!,1
prize offer claim offer free congratulations!,1
win claim claim offer prize urgent!,1
win prize prize free limited time gift card exclusive free!,1
offer congratulations free gift card free congratulations urgent offer win prize!,1
win win limited time offer limited time claim urgent free claim!,1
urgent win win offer urgent win win claim!,1
claim urgent exclusive free limited time gift card!,1
claim exclusive congratulations exclusive limited time free!,1
urgent win win urgent win exclusive urgent win!,1
prize gift card free prize win limited time win congratulations!,1
claim congratulations win offer gift card exclusive urgent limited time congratulations free!,1
urgent prize free prize urgent!,1
exclusive free free prize urgent claim gift card congratulations limited time!,1
gift card urgent urgent congratulations free limited time urgent urgent!,1
free prize exclusive offer prize gift card offer!,1
project confirmation update appointment order project order reminder reminder project.,0
update update confirmation appointment reminder appointment account appointment appointment.,0
order project meeting invoice update.,0
schedule appointment appointment account reminder.,0
account invoice schedule confirmation confirmation project project account.,0
invoice meeting appointment confirmation update order update update account schedule.,0
meeting update confirmation account confirmation update invoice invoice project appointment.,0
order schedule confirmation schedule update.,0
account schedule meeting update order appointment.,0
schedule reminder confirmation schedule invoice.,0
invoice update account schedule reminder schedule meeting update order.,0
project appointment reminder order project order reminder appointment order.,0
update order confirmation invoice update update reminder.,0
appointment meeting meeting invoice appointment project meeting.,0
account appointment project project reminder invoice update account meeting reminder.,0
reminder account invoice order account schedule meeting account.,0
order update meeting account project invoice reminder account.,0
update update project appointment reminder schedule update schedule.,0
reminder account appointment update account invoice.,0
update confirmation order update meeting order order account.,0
account meeting appointment schedule schedule project appointment.,0
order order schedule confirmation schedule project schedule invoice.,0
invoice meeting schedule update appointment update appointment update.,0
order appointment confirmation project order schedule schedule.,0
reminder confirmation reminder confirmation appointment appointment reminder invoice appointment.,0
appointment appointment confirmation project invoice schedule update reminder invoice.,0
schedule reminder update update invoice invoice appointment.,0
update confirmation appointment confirmation project order reminder reminder.,0
update reminder project account meeting confirmation.,0
schedule reminder invoice meeting meeting reminder appointment.,0
project reminder project update account meeting project appointment account schedule.,0
schedule order appointment update reminder.,0
project confirmation meeting appointment confirmation update project invoice reminder.,0
invoice schedule order confirmation project.,0
meeting invoice confirmation project appointment meeting meeting.,0
confirmation appointment schedule appointment project update reminder.,0
confirmation reminder account account invoice appointment order.,0
reminder project project account confirmation order reminder account account update.,0
update confirmation schedule appointment invoice account.,0
meeting invoice reminder meeting invoice update schedule.,0
project meeting account appointment order invoice account account confirmation.,0
order invoice schedule reminder schedule schedule meeting update.,0
invoice schedule schedule schedule confirmation order reminder.,0
invoice update account account reminder appointment invoice.,0
account account appointment meeting confirmation schedule order account reminder appointment.,0
schedule update reminder meeting schedule invoice appointment account appointment schedule.,0
order appointment invoice invoice invoice schedule confirmation.,0
update meeting reminder meeting project update account appointment project.,0
confirmation meeting project update confirmation project update confirmation.,0
account meeting project project order order project order invoice update.,0
order order project invoice meeting project schedule order confirmation appointment.,0
invoice update update order update account project reminder.,0
schedule confirmation appointment appointment confirmation project update invoice reminder.,0
meeting schedule meeting update invoice.,0
schedule invoice project reminder invoice project order.,0
update project meeting invoice account.,0
order confirmation confirmation account invoice confirmation.,0
reminder meeting order project appointment order account reminder reminder.,0
account account account appointment schedule.,0
order appointment reminder invoice schedule update.,0
order update appointment invoice schedule confirmation appointment order.,0
account reminder reminder invoice order update meeting reminder reminder project.,0
appointment confirmation project confirmation meeting.,0
update reminder confirmation meeting order appointment reminder appointment.,0
account invoice meeting reminder update project order.,0
update reminder order update invoice schedule confirmation reminder reminder account.,0
schedule meeting order reminder meeting meeting update account update.,0
project account appointment update appointment schedule reminder update project.,0
schedule reminder appointment meeting invoice order account.,0
account update project schedule appointment.,0
confirmation confirmation order confirmation invoice.,0
account reminder reminder update reminder.,0
confirmation schedule reminder update schedule.,0
schedule order appointment meeting order appointment.,0
reminder project order update order.,0
reminder order account appointment project.,0
invoice reminder order account invoice meeting invoice meeting.,0
reminder update update schedule account reminder.,0
invoice meeting order confirmation project invoice appointment confirmation.,0
update confirmation schedule update update order reminder order invoice reminder.,0
invoice appointment schedule invoice meeting project schedule.,0
update project meeting reminder reminder reminder update project project invoice.,0
reminder confirmation reminder project reminder order project order.,0
account confirmation update project order update schedule project project schedule.,0
confirmation order update confirmation appointment.,0
update invoice schedule reminder project project account schedule confirmation.,0
invoice project schedule appointment appointment.,0
project invoice confirmation invoice project.,0
schedule order reminder order account.,0
project order confirmation order schedule.,0
account order confirmation reminder schedule reminder order update update.,0
reminder meeting meeting schedule confirmation schedule.,0
invoice appointment confirmation meeting meeting update invoice order appointment.,0
confirmation invoice meeting project reminder invoice schedule reminder.,0
order schedule schedule account project.,0
project appointment order appointment update project invoice meeting reminder.,0
update invoice schedule order confirmation confirmation account reminder.,0
appointment invoice invoice invoice invoice project account account project update.,0
account account schedule meeting invoice project appointment schedule.,0
reminder meeting meeting confirmation invoice update.,0
confirmation confirmation project account reminder update project schedule project appointment.,0
account appointment project project schedule meeting order confirmation update.,0
confirmation project meeting confirmation update invoice meeting account appointment.,0
project project account invoice reminder project order meeting.,0
meeting account update update account.,0
reminder update confirmation appointment schedule confirmation reminder.,0
reminder meeting project order confirmation update meeting update.,0
reminder reminder meeting account reminder invoice invoice.,0
invoice account meeting meeting update meeting schedule.,0
meeting account meeting appointment schedule schedule order meeting reminder appointment.,0
update appointment project appointment account meeting.,0
confirmation invoice invoice confirmation reminder account update update.,0
order project schedule meeting appointment project order.,0
meeting project project meeting account.,0
account update schedule update account appointment.,0
account meeting schedule project meeting update.,0
schedule reminder invoice project invoice update order update confirmation confirmation.,0
meeting update appointment confirmation invoice project.,0
account schedule project account update update account project invoice confirmation.,0
reminder appointment confirmation schedule update project update.,0
reminder schedule meeting appointment invoice reminder update meeting schedule.,0
invoice schedule project project reminder account invoice account meeting project.,0
confirmation update project appointment project.,0
order project reminder reminder appointment.,0
account order meeting order order reminder project.,0
invoice invoice update order confirmation project order invoice.,0
appointment project order update update meeting schedule.,0
account account confirmation schedule project update update confirmation project.,0
reminder project project account order update account schedule.,0
invoice account meeting confirmation order confirmation meeting confirmation update project.,0
invoice invoice project reminder invoice update schedule.,0
account order order project project account.,0
update schedule schedule appointment confirmation.,0
invoice meeting order appointment account update account confirmation confirmation reminder.,0
project account update schedule confirmation project account.,0
appointment update schedule project schedule.,0
appointment confirmation reminder schedule invoice schedule.,0
confirmation update reminder project project meeting.,0
project confirmation reminder appointment account update appointment meeting account.,0
account reminder appointment project confirmation reminder meeting invoice update account.,0
confirmation invoice update project confirmation reminder.,0
appointment reminder update project invoice confirmation.,0
schedule invoice reminder meeting appointment reminder.,0
reminder meeting invoice meeting confirmation.,0
update order reminder appointment order reminder confirmation project meeting.,0
meeting account reminder account order.,0
update reminder appointment appointment account schedule reminder schedule confirmation invoice.,0
meeting meeting project order invoice schedule project account project project.,0
confirmation schedule account appointment confirmation confirmation reminder.,0
confirmation schedule appointment project schedule project update account.,0
confirmation invoice meeting reminder project.,0
confirmation reminder schedule reminder account project appointment order meeting.,0
account schedule reminder order account project invoice reminder.,0
reminder schedule invoice meeting reminder order update schedule update schedule.,0
update confirmation appointment invoice schedule.,0
project project update invoice update.,0
update schedule invoice meeting confirmation.,0
appointment meeting order invoice meeting.,0
meeting invoice reminder confirmation confirmation invoice appointment.,0
meeting project update update account appointment project confirmation.,0
account schedule invoice account reminder update update reminder.,0
project meeting invoice order schedule reminder appointment order account account.,0
order meeting project reminder schedule.,0
reminder invoice confirmation confirmation appointment.,0
account update update project order confirmation update appointment.,0
schedule account project invoice appointment meeting invoice.,0
reminder invoice order invoice invoice invoice schedule update.,0
update invoice schedule invoice schedule project order order project update.,0
schedule project confirmation account invoice schedule.,0
schedule update appointment reminder meeting update project confirmation.,0
order project confirmation meeting reminder.,0
confirmation confirmation project appointment update.,0
order invoice order meeting update schedule reminder meeting meeting.,0
meeting account meeting appointment update.,0
reminder order reminder invoice project.,0
order project confirmation invoice invoice project invoice confirmation appointment project.,0
appointment meeting schedule reminder schedule update account project.,0
project account reminder meeting update update.,0
project schedule schedule account invoice confirmation invoice reminder.,0
update meeting meeting update update schedule order.,0
order appointment project schedule order schedule.,0
update invoice appointment appointment project.,0
account meeting reminder account appointment invoice update.,0
account reminder account meeting meeting account appointment reminder.,0
confirmation account meeting project schedule project update project schedule confirmation.,0
project meeting account confirmation confirmation.,0
account order project schedule invoice appointment reminder meeting.,0
schedule meeting invoice update project account order update project.,0
schedule schedule update meeting account meeting schedule invoice meeting.,0
appointment account appointment meeting order order project appointment.,0
project update account update meeting.,0
reminder update confirmation order project.,0
invoice confirmation account update project account.,0
order update reminder update account appointment account invoice appointment account.,0
account project confirmation project schedule invoice appointment project reminder project.,0
confirmation reminder meeting invoice update invoice.,0
update reminder schedule meeting confirmation schedule account.,0
update schedule schedule project reminder confirmation.,0
account meeting project meeting project meeting order appointment.,0
schedule account project order schedule update project.,0
appointment meeting update schedule schedule update appointment meeting order account.,0
schedule confirmation confirmation appointment order project invoice schedule reminder account.,0
invoice schedule reminder project appointment invoice meeting.,0
project order update confirmation appointment meeting order update.,0
account schedule update order invoice appointment confirmation.,0
reminder schedule order update confirmation.,0
confirmation meeting account confirmation confirmation account.,0
order reminder schedule invoice update update invoice meeting confirmation meeting.,0
meeting invoice meeting account update order schedule meeting update appointment.,0
account project invoice update confirmation order meeting schedule appointment project.,0
update update account confirmation account schedule update confirmation.,0
meeting invoice appointment schedule order account.,0
order schedule order invoice project schedule reminder invoice.,0
appointment project order update invoice.,0
schedule reminder update appointment account order schedule reminder order reminder.,0
project update reminder reminder meeting project reminder meeting meeting.,0
account order confirmation schedule account order account meeting appointment.,0
confirmation appointment appointment order account reminder account account update.,0
invoice invoice meeting confirmation reminder confirmation order meeting.,0
reminder account reminder project schedule.,0
confirmation confirmation update reminder schedule project appointment appointment.,0
order confirmation meeting reminder confirmation account schedule order.,0
reminder order project project reminder.,0
update account order appointment project update.,0
reminder meeting reminder meeting confirmation project.,0
reminder meeting invoice project schedule update reminder.,0
schedule schedule confirmation order project order meeting project.,0
confirmation project account appointment reminder order project schedule update.,0
update invoice order invoice reminder.,0
schedule reminder meeting reminder update invoice appointment confirmation account project.,0
account meeting meeting confirmation order.,0
update meeting update reminder invoice.,0
invoice invoice update reminder project project.,0
confirmation schedule invoice invoice reminder meeting meeting confirmation.,0
appointment account appointment confirmation reminder project appointment.,0
project reminder update project project meeting confirmation meeting meeting.,0
schedule confirmation meeting update order update reminder invoice schedule order.,0
confirmation account order order project.,0
invoice reminder confirmation confirmation meeting meeting update order.,0
meeting account meeting schedule confirmation reminder update update project appointment.,0
meeting meeting project appointment order invoice confirmation.,0
order account update update reminder confirmation schedule reminder meeting update.,0
reminder invoice reminder meeting reminder.,0
appointment confirmation meeting project schedule invoice reminder.,0
confirmation account schedule schedule confirmation order appointment meeting order confirmation.,0
update order update update account meeting.,0
confirmation schedule account update confirmation confirmation meeting confirmation schedule schedule.,0
update schedule project reminder update invoice order order.,0
reminder appointment meeting meeting invoice confirmation reminder schedule appointment.,0
account invoice schedule meeting account confirmation meeting.,0
confirmation project account order order update confirmation account.,0
meeting invoice account account account project reminder meeting.,0
confirmation confirmation update update reminder update.,0
invoice order order reminder confirmation.,0
order account schedule reminder update project schedule order appointment.,0
project confirmation project reminder meeting.,0
order invoice confirmation account invoice order confirmation schedule account project.,0
reminder account invoice reminder account account meeting.,0
meeting invoice update confirmation meeting account update invoice order appointment.,0
order invoice appointment schedule appointment.,0
order confirmation meeting reminder account appointment meeting invoice update account.,0
update account order account project invoice invoice invoice.,0
update order appointment project meeting schedule appointment order.,0
update reminder reminder meeting appointment project appointment update order.,0
meeting appointment schedule update reminder reminder invoice.,0
appointment schedule meeting project confirmation update account meeting schedule.,0
appointment reminder project confirmation project schedule.,0
reminder project project meeting project meeting.,0
confirmation appointment appointment update appointment reminder schedule confirmation.,0
schedule reminder update reminder appointment appointment project schedule.,0
reminder update meeting update update appointment update confirmation update.,0
appointment reminder meeting meeting confirmation.,0
schedule order project confirmation schedule account.,0
invoice confirmation reminder update meeting appointment order invoice schedule.,0
project account reminder meeting project account reminder account.,0
invoice account schedule update confirmation appointment confirmation project appointment reminder.,0
meeting appointment appointment update update invoice.,0
order reminder project account order appointment schedule.,0
meeting appointment project project update update account update update reminder.,0
account appointment project reminder appointment confirmation meeting update schedule.,0
meeting account schedule account order account reminder schedule appointment.,0
invoice meeting appointment schedule confirmation update meeting project.,0
schedule update update meeting order.,0
confirmation reminder reminder invoice schedule.,0
project schedule account project meeting order.,0
account meeting schedule confirmation reminder update account confirmation reminder.,0
appointment confirmation account schedule appointment reminder.,0
meeting schedule account project appointment.,0
update reminder schedule invoice confirmation update.,0
meeting reminder schedule confirmation meeting project project order invoice project.,0
project appointment invoice reminder appointment invoice order order meeting appointment.,0
meeting account reminder account order schedule confirmation.,0
reminder meeting reminder meeting schedule schedule invoice.,0
appointment invoice appointment reminder schedule invoice confirmation reminder update.,0
update reminder account account confirmation schedule project reminder meeting meeting.,0
project appointment confirmation project reminder.,0
appointment update schedule invoice invoice invoice.,0
update schedule update reminder appointment reminder account reminder meeting project.,0
confirmation order account invoice appointment schedule project account.,0
order order reminder meeting invoice schedule schedule.,0
account confirmation reminder confirmation order.,0
meeting reminder project meeting meeting schedule project meeting meeting update.,0
order project meeting update update account invoice.,0
reminder order invoice invoice schedule account meeting.,0
schedule account account reminder schedule account meeting meeting confirmation.,0
order schedule invoice meeting reminder confirmation reminder.,0
account update invoice appointment reminder.,0
invoice project schedule schedule project appointment.,0
account schedule order order order.,0
order invoice meeting reminder reminder order.,0
schedule update meeting update reminder project.,0
project appointment invoice account appointment confirmation meeting schedule schedule.,0
meeting project confirmation meeting invoice meeting project.,0
invoice confirmation project meeting schedule confirmation confirmation invoice appointment.,0
project schedule schedule meeting update meeting update.,0
confirmation update meeting schedule schedule.,0
confirmation project invoice invoice update update invoice reminder appointment.,0
order project appointment meeting appointment appointment meeting.,0
meeting reminder order account order order reminder reminder appointment confirmation.,0
meeting invoice update reminder project project reminder schedule.,0
confirmation project confirmation appointment update.,0
meeting invoice confirmation order update reminder meeting appointment.,0
schedule invoice order appointment confirmation meeting order.,0
account project appointment order order schedule order order meeting meeting.,0
reminder project confirmation schedule reminder order update schedule appointment schedule.,0
project schedule appointment reminder meeting invoice.,0
appointment reminder account order schedule schedule meeting meeting schedule reminder.,0
project invoice invoice order confirmation invoice invoice.,0
meeting account schedule appointment appointment reminder order.,0
appointment invoice confirmation invoice invoice account.,0
project update order confirmation reminder invoice invoice order meeting.,0
account invoice invoice order account.,0
meeting confirmation confirmation order schedule appointment reminder order.,0
appointment appointment project update reminder order account confirmation.,0
update appointment project project meeting schedule project.,0
meeting order appointment project meeting order confirmation invoice meeting.,0
project appointment order appointment project meeting meeting order.,0
invoice update schedule invoice order meeting update schedule invoice.,0
order project reminder meeting account meeting confirmation.,0
project invoice invoice order appointment.,0
account schedule account account order project invoice meeting.,0
meeting order update appointment appointment reminder order account project invoice.,0
meeting reminder update reminder invoice appointment update confirmation.,0
appointment reminder order project meeting confirmation.,0
appointment meeting order meeting order invoice invoice.,0
schedule meeting meeting schedule schedule.,0
appointment schedule meeting confirmation order appointment order confirmation.,0
project account update appointment schedule.,0
meeting update appointment meeting schedule update.,0
appointment confirmation update confirmation update.,0
invoice reminder appointment account appointment.,0
appointment update appointment order invoice update invoice order schedule reminder.,0
meeting confirmation schedule update appointment appointment.,0
meeting appointment invoice order account project update order.,0
reminder account invoice appointment update appointment confirmation project schedule.,0
update invoice order reminder project confirmation appointment order order.,0
order update appointment meeting account invoice order.,0
appointment account project order meeting.,0
project meeting invoice meeting schedule invoice order confirmation meeting schedule.,0
order account appointment reminder account project.,0
reminder update confirmation appointment confirmation reminder.,0
order invoice order invoice invoice appointment project.,0
project project project project project.,0
schedule schedule confirmation meeting appointment appointment reminder meeting.,0
invoice reminder update project project.,0
update account order confirmation schedule reminder meeting account.,0
schedule confirmation account account appointment appointment.,0
confirmation reminder reminder schedule invoice reminder schedule meeting update order.,0
appointment schedule order confirmation account appointment reminder account project.,0
project appointment update appointment appointment.,0
project appointment reminder appointment account invoice account.,0
invoice order appointment confirmation schedule order schedule project.,0
appointment appointment invoice confirmation order.,0
project reminder invoice meeting order appointment invoice order update.,0
invoice update update invoice schedule account confirmation appointment project.,0
project reminder appointment account project appointment order project update invoice.,0
appointment invoice update invoice order appointment.,0
confirmation update reminder schedule update account update account.,0
confirmation account order account project account.,0
update schedule meeting appointment schedule order invoice schedule appointment meeting.,0
appointment meeting confirmation confirmation project order update.,0
schedule meeting order project invoice reminder appointment.,0
account schedule confirmation reminder reminder account.,0
appointment schedule schedule invoice order meeting.,0
appointment account project schedule project.,0
schedule account appointment confirmation project reminder.,0
schedule invoice update invoice invoice confirmation invoice.,0
schedule reminder account confirmation appointment.,0
account project meeting project meeting update update.,0
project order order schedule meeting meeting order schedule account account.,0
invoice confirmation confirmation project confirmation appointment schedule project invoice confirmation.,0
invoice project update reminder reminder confirmation appointment order schedule update.,0
appointment project schedule meeting invoice reminder reminder.,0
order order meeting account appointment invoice appointment reminder project.,0
appointment invoice confirmation account account account appointment order update.,0
invoice update account project update reminder order appointment appointment.,0
update order invoice appointment order schedule schedule reminder project.,0
appointment reminder appointment confirmation confirmation invoice invoice confirmation reminder.,0
schedule account schedule confirmation appointment account appointment.,0
account appointment meeting order invoice update project update confirmation project.,0
appointment schedule invoice update reminder account.,0
project update appointment order appointment order invoice schedule confirmation appointment.,0
confirmation project schedule confirmation update meeting order confirmation confirmation meeting.,0
invoice account account update account.,0
order reminder order account account update order confirmation update schedule.,0
meeting invoice schedule confirmation appointment meeting.,0
meeting appointment update schedule project.,0
meeting reminder invoice reminder account update meeting confirmation.,0
reminder meeting order invoice schedule invoice.,0
project update project invoice order order update confirmation update confirmation.,0
update schedule confirmation meeting project.,0
appointment order project update project project meeting appointment schedule schedule.,0
order appointment reminder invoice appointment order update confirmation project invoice.,0
meeting confirmation invoice account reminder project order appointment schedule meeting.,0
update order reminder account schedule meeting reminder project project account.,0
schedule schedule meeting project order update project.,0
confirmation meeting schedule account meeting.,0
appointment account appointment invoice meeting order order update confirmation.,0
order update account account account appointment order meeting.,0
update appointment project update appointment account invoice schedule account appointment.,0
order schedule order invoice order project schedule.,0
appointment meeting schedule project order confirmation.,0
appointment schedule update order project.,0
meeting schedule invoice appointment project confirmation appointment appointment.,0
schedule appointment project invoice project project.,0
invoice reminder schedule invoice schedule order appointment reminder update account.,0
update project invoice meeting account.,0
appointment update reminder schedule invoice reminder invoice.,0
confirmation meeting reminder appointment schedule project.,0
project schedule confirmation appointment schedule order reminder.,0
confirmation reminder project invoice invoice invoice schedule update.,0
appointment confirmation invoice update meeting.,0
meeting schedule project project appointment schedule project schedule.,0
project update confirmation schedule account.,0
meeting project project schedule order.,0
schedule reminder order appointment order schedule.,0
update appointment invoice account confirmation update.,0
reminder account meeting confirmation update reminder account project confirmation order.,0
meeting update schedule reminder confirmation.,0
confirmation project confirmation invoice invoice account confirmation reminder confirmation account.,0
confirmation meeting confirmation meeting reminder invoice schedule.,0
invoice reminder invoice appointment project schedule meeting invoice update.,0
invoice project confirmation reminder order schedule invoice.,0
confirmation account confirmation invoice confirmation.,0
project appointment account meeting appointment confirmation appointment.,0
project appointment update confirmation update confirmation project order.,0
confirmation account invoice meeting appointment order.,0
schedule order appointment appointment schedule update.,0
schedule project appointment project confirmation schedule schedule update meeting reminder.,0
confirmation schedule invoice project appointment project project account.,0
meeting appointment reminder reminder confirmation.,0
meeting appointment confirmation account project.,0
reminder confirmation project invoice update order schedule reminder.,0
meeting meeting project appointment account.,0
meeting order order appointment order update schedule meeting.,0
invoice order meeting schedule appointment account account.,0
reminder order confirmation meeting invoice order reminder invoice project project.,0
meeting meeting invoice schedule invoice order update reminder meeting.,0
account update reminder update reminder appointment schedule.,0
meeting order schedule reminder appointment invoice schedule account.,0
confirmation project meeting project schedule schedule meeting meeting.,0
account schedule update invoice schedule meeting reminder.,0
account meeting confirmation account appointment account.,0
reminder account schedule invoice account meeting appointment account.,0
meeting order appointment reminder reminder schedule reminder.,0
reminder confirmation reminder update reminder appointment meeting project invoice.,0
confirmation invoice project reminder account appointment reminder meeting reminder reminder.,0
order meeting meeting schedule invoice invoice confirmation.,0
reminder confirmation meeting project meeting appointment update update.,0
order account confirmation reminder meeting schedule appointment order.,0
confirmation reminder account schedule order account project reminder update.,0
meeting project appointment reminder order update confirmation reminder appointment account.,0
invoice meeting schedule update confirmation project invoice project.,0
confirmation order appointment reminder schedule account meeting update invoice confirmation.,0
project appointment appointment order order project meeting order invoice.,0
order account project appointment update meeting order.,0
account appointment update schedule meeting reminder.,0
account confirmation appointment update order invoice reminder order invoice.,0
project meeting account meeting meeting update order order.,0
confirmation appointment order order appointment schedule.,0
meeting appointment appointment reminder confirmation.,0
order confirmation schedule invoice meeting reminder.,0
invoice confirmation appointment update account schedule confirmation.,0
invoice appointment order account confirmation.,0
confirmation schedule invoice order confirmation order update account invoice appointment.,0
project project update schedule appointment reminder account invoice update reminder.,0
appointment update account project project confirmation account invoice.,0
invoice project reminder confirmation account invoice.,0
reminder schedule appointment appointment meeting meeting schedule reminder schedule.,0
update reminder meeting order meeting invoice account invoice schedule confirmation.,0
confirmation update update appointment account order.,0
confirmation appointment appointment confirmation reminder meeting.,0
account project invoice account project account appointment project invoice appointment.,0
project invoice appointment meeting confirmation reminder.,0
confirmation update order invoice account appointment schedule.,0
order project confirmation reminder meeting update.,0
reminder update account account meeting meeting confirmation project.,0
update order project appointment appointment confirmation.,0
invoice appointment order invoice order.,0
update update reminder meeting meeting confirmation schedule.,0
